{"td-est-mean": 29.65073013305664, "loss": 2.7104899883270264, "_timestamp": 1691044045.3996305, "_runtime": 136430.26018047333, "_step": 23, "_wandb": {"runtime": 145524}}