{"td-est-mean": 31.535533905029297, "loss": 1.0187392234802246, "_timestamp": 1690704473.5287216, "_runtime": 4899.35262465477, "_step": 74, "_wandb": {"runtime": 4925}}