{"td-est-mean": 53.845489501953125, "loss": 0.9118707180023193, "epsilon": 0.1, "episode": 44920, "step": 24578328, "_timestamp": 1691613545.4780169, "_runtime": 310004.98160386086, "_step": 734, "_wandb": {"runtime": 310606}}