{"td-est-mean": 26.179046630859375, "loss": 1.4608935117721558, "_timestamp": 1690705494.0515277, "_runtime": 773.6208257675171, "_step": 44, "_wandb": {"runtime": 786}}