{"td-est-mean": 40.360595703125, "loss": 1.5754609107971191, "epsilon": 0.1, "episode": 34800, "step": 19053525, "_timestamp": 1691302675.040263, "_runtime": 249510.48434400558, "_step": 599, "_wandb": {"runtime": 249979}}