{"td-est-mean": 62.52142333984375, "loss": 2.9227569103240967, "_timestamp": 1690867885.6664815, "_runtime": 131934.964707613, "_step": 36, "_wandb": {"runtime": 134085}}